Year,Rank,"Pos
Rank",Draft_Rank,Player
2015,1,1,1.01,Amari Cooper
2015,2,1,1.02,Todd Gurley
2015,3,2,1.03,Melvin Gordon
2015,4,2,1.04,Kevin White
2015,5,3,1.05,DeVante Parker
2015,6,4,1.06,Nelson Agholor
2015,7,3,1.07,TJ Yeldon
2015,8,4,1.08,Ameer Abdullah
2015,9,5,1.09,Breshad Perriman
2015,10,6,1.1,Dorial Green-Beckham
2015,11,5,1.11,Tevin Coleman
2015,12,6,1.12,Duke Johnson
2015,13,7,2.01,Phillip Dorsett
2015,14,8,2.02,Devin Funchess
2015,15,7,2.03,Jay Ajayi
2015,16,8,2.04,David Johnson
2015,17,9,2.05,Jaelen Strong
2015,18,1,2.06,Jameis Winston
2015,19,2,2.07,Marcus Mariota
2015,20,1,2.08,Maxx Williams
2015,21,9,2.09,David Cobb
2015,22,10,2.1,Matt Jones
2015,23,10,2.11,Tyler Lockett
2015,24,11,2.12,Javorius Allen
2015,25,11,3.01,Chris Conley
2015,26,12,3.02,Cameron Artis-Payne
2015,27,12,3.03,Devin Smith
2015,28,13,3.04,Sammie Coates
2015,29,14,3.05,Justin Hardy
2015,30,13,3.06,Mike Davis
2015,31,14,3.07,Josh Robinson
2015,32,15,3.08,Stefon Diggs
2015,33,16,3.09,Kenny Bell
2015,34,17,3.1,DeAndre Smelter
2015,35,15,3.11,Michael Dyer
2015,36,16,3.12,Jeremy Langford
2015,37,2,4.01,Clive Walford
2015,38,18,4.02,Tre McBride
2015,39,19,4.03,Duron Carter
2015,40,3,4.04,MyCole Pruitt
2015,41,17,4.05,Karlos Williams
2015,42,18,4.06,Zach Zenner
2015,43,20,4.07,Rashad Greene
2015,44,21,4.08,Darren Waller
2015,45,19,4.09,Thomas Rawls
2015,46,22,4.1,Ty Montgomery
2015,47,23,4.11,Jamison Crowder
2015,48,24,4.12,Vince Mayle
2016,1,1,1.01,Ezekiel Elliott
2016,2,1,1.02,Laquon Treadwell
2016,3,2,1.03,Corey Coleman
2016,4,3,1.04,Josh Doctson
2016,5,4,1.05,Sterling Shepard
2016,6,5,1.06,Michael Thomas
2016,7,2,1.07,Derrick Henry
2016,8,6,1.08,Will Fuller
2016,9,7,1.09,Leonte Carroo
2016,10,8,1.1,Tyler Boyd
2016,11,3,1.11,CJ Prosise
2016,12,4,1.12,Kenneth Dixon
2016,13,5,2.01,Devontae Booker
2016,14,6,2.02,DeAndre Washington
2016,15,7,2.03,Paul Perkins
2016,16,9,2.04,Malcolm Mitchell
2016,17,8,2.05,Wendell Smallwood
2016,18,9,2.06,Jordan Howard
2016,19,10,2.07,Josh Ferguson
2016,20,11,2.08,Jonathan Williams
2016,21,10,2.09,Tajae Sharpe
2016,22,11,2.1,Braxton Miller
2016,23,1,2.11,Hunter Henry
2016,24,12,2.12,Pharoh Cooper
2016,25,12,3.01,Kenyan Drake
2016,26,13,3.02,Alex Collins
2016,27,14,3.03,Keith Marshall
2016,28,2,3.04,Austin Hooper
2016,29,1,3.05,Carson Wentz
2016,30,15,3.06,Tyler Ervin
2016,31,2,3.07,Jared Goff
2016,32,16,3.08,Kelvin Taylor
2016,33,17,3.09,Daniel Lasco
2016,34,13,3.1,Daniel Braverman
2016,35,14,3.11,Mike Thomas
2016,36,3,3.12,Paxton Lynch
2016,37,15,4.01,Demarcus Robinson
2016,38,16,4.02,Chris Moore
2016,39,17,4.03,Rashard Higgins
2017,1,1,1.01,Leonard Fournette
2017,2,1,1.02,Corey Davis
2017,3,2,1.03,Christian McCaffrey
2017,4,3,1.04,Joe Mixon
2017,5,4,1.05,Dalvin Cook
2017,6,5,1.06,Alvin Kamara
2017,7,2,1.07,Mike Williams
2017,8,6,1.08,Samaje Perine
2017,9,7,1.09,Kareem Hunt
2017,10,3,1.1,John Ross
2017,11,1,1.11,OJ Howard
2017,12,2,1.12,Evan Engram
2017,13,3,2.01,David Njoku
2017,14,4,2.02,Zay Jones
2017,15,5,2.03,JuJu Smith-Schuster
2017,16,6,2.04,Curtis Samuel
2017,17,8,2.05,D'Onta Foreman
2017,18,9,2.06,Marlon Mack
2017,19,7,2.07,Kenny Golladay
2017,20,10,2.08,Jamaal Williams
2017,21,11,2.09,Joe Williams
2017,22,8,2.1,Chris Godwin
2017,23,9,2.11,Cooper Kupp
2017,24,12,2.12,James Conner
2017,25,13,3.01,Jeremy McNichols
2017,26,4,3.02,Gerald Everett
2017,27,10,3.03,Carlos Henderson
2017,28,1,3.04,Deshaun Watson
2017,29,5,3.05,Adam Shaheen
2017,30,11,3.06,Taywan Taylor
2017,31,12,3.07,Chad Williams
2017,32,13,3.08,ArDarius Stewart
2017,33,2,3.09,Patrick Mahomes
2017,34,14,3.1,Wayne Gallman
2017,35,14,3.11,Josh Reynolds
2017,36,3,3.12,DeShone Kizer
2017,37,4,4.01,Mitchell Trubisky
2017,38,6,4.02,Jonnu Smith
2017,39,15,4.03,Elijah McGuire
2017,40,16,4.04,Donnel Pumphrey
2017,41,17,4.05,Aaron Jones
2017,42,18,4.06,De'Angelo Henderson
2017,43,19,4.07,Elijah Hood
2017,44,15,4.08,Ryan Switzer
2017,45,16,4.09,Ishmael Zamora
2017,46,7,4.1,Jake Butt
2017,47,17,4.11,Amara Darboh
2017,48,8,4.12,George Kittle
2017,49,18,5.01,Dede Westbrook
2017,50,20,5.02,Tarik Cohen
2018,1,1,1.01,Saquon Barkley
2018,2,2,1.02,Derrius Guice
2018,3,3,1.03,Rashaad Penny
2018,4,4,1.04,Sony Michel
2018,5,5,1.05,Ronald Jones
2018,6,6,1.06,Nick Chubb
2018,7,7,1.07,Kerryon Johnson
2018,8,8,1.08,Royce Freeman
2018,9,1,1.09,DJ Moore
2018,10,2,1.1,Courtland Sutton
2018,11,3,1.11,Calvin Ridley
2018,12,4,1.12,Christian Kirk
2018,13,5,2.01,Anthony Miller
2018,14,6,2.02,Michael Gallup
2018,15,7,2.03,James Washington
2018,16,9,2.04,Nyheim Hines
2018,17,1,2.05,Mike Gesicki
2018,18,1,2.06,Baker Mayfield
2018,19,8,2.07,Dante Pettis
2018,20,10,2.08,Jordan Wilkins
2018,21,2,2.09,Lamar Jackson
2018,22,11,2.1,Kalen Ballage
2018,23,9,2.11,Tre'Quan Smith
2018,24,2,2.12,Hayden Hurst
2018,25,10,3.01,Antonio Callaway
2018,26,3,3.02,Josh Rosen
2018,27,3,3.03,Dallas Goedert
2018,28,11,3.04,Keke Coutee
2018,29,4,3.05,Chris Herndon
2018,30,12,3.06,DJ Chark
2018,31,13,3.07,J'Mon Moore
2018,32,4,3.08,Sam Darnold
2018,33,12,3.09,Chase Edmonds
2018,34,14,3.1,Deon Cain
2018,35,15,3.11,DaeSean Hamilton
2018,36,16,3.12,Equanimeous St Brown
2018,37,17,4.01,Marquez Valdes-Scantling
2018,38,13,4.02,John Kelly
2018,39,18,4.03,Daurice Fountain
2018,40,14,4.04,Ito Smith
2018,41,15,4.05,Justin Jackson
2018,42,16,4.06,Jaylen Samuels
2018,43,19,4.07,Justin Watson
2018,44,5,4.08,Josh Allen
2018,45,20,4.09,Trey Quinn
2018,46,5,4.1,Mark Andrews
2018,47,17,4.11,Boston Scott
2018,48,18,4.12,Bo Scarbrough
2018,49,19,5.01,Mark Walton
2018,50,21,5.02,Braxton Berrios
2018,51,6,5.03,Ian Thomas
2018,52,20,5.04,Phillip Lindsay
2018,53,7,5.05,Troy Fumagalli
2019,1,1,1.01,Josh Jacobs
2019,2,2,1.02,David Montgomery
2019,3,3,1.03,Miles Sanders
2019,4,1,1.04,N'Keal Harry
2019,5,4,1.05,Darrell Henderson
2019,6,2,1.06,DK Metcalf
2019,7,3,1.07,AJ Brown
2019,8,4,1.08,Parris Campbell
2019,9,1,1.09,TJ Hockenson
2019,10,5,1.1,Damien Harris
2019,11,1,1.11,Kyler Murray
2019,12,5,1.12,JJ Arcega-Whiteside
2019,13,6,2.01,Deebo Samuel
2019,14,2,2.02,Noah Fant
2019,15,7,2.03,Marquise Brown
2019,16,6,2.04,Justice Hill
2019,17,7,2.05,Devin Singletary
2019,18,8,2.06,Andy Isabella
2019,19,9,2.07,Mecole Hardman
2019,20,8,2.08,Alexander Mattison
2019,21,10,2.09,Miles Boykin
2019,22,11,2.1,Terry McLaurin
2019,23,12,2.11,Hakeem Butler
2019,24,9,2.12,Darwin Thompson
2019,25,3,3.01,Irv Smith Jr
2019,26,13,3.02,Diontae Johnson
2019,27,14,3.03,KeeSean Johnson
2019,28,10,3.04,Benny Snell
2019,29,11,3.05,Dexter Williams
2019,30,12,3.06,Tony Pollard
2019,31,2,3.07,Dwayne Haskins
2019,32,13,3.08,Bryce Love
2019,33,14,3.09,Ryquell Armstead
2019,34,15,3.1,Hunter Renfrow
2019,35,4,3.11,Jace Sternberger
2019,36,16,3.12,Preston Williams
2019,37,5,4.01,Dawson Knox
2019,38,17,4.02,Jalen Hurd
2019,39,3,4.03,Daniel Jones
2019,40,15,4.04,Rodney Anderson
2019,41,16,4.05,Bruce Anderson
2019,42,17,4.06,Damarea Crockett
2019,43,18,4.07,Qadree Ollison
2019,44,19,4.08,Mike Weber
2019,45,18,4.09,Kelvin Harmon
2019,46,20,4.1,Jordan Scarlett
2019,47,19,4.11,Gary Jennings
2019,48,20,4.12,Jakobi Meyers
2019,49,21,5.01,Elijah Holyfield
2019,50,21,5.02,Darius Slayton
2019,51,22,5.03,Ty Johnson
2019,52,6,5.04,Josh Oliver
2019,53,22,5.05,Juwann Winfree
2019,54,23,5.06,Riley Ridley
2019,55,23,5.07,Trayveon Williams
2019,56,7,5.08,Kahale Warring
2019,57,24,5.09,Emmanuel Butler
2019,58,25,5.1,Stanley Morgan
2019,59,4,5.11,Will Grier
2020,1,1,1.01,Clyde Edwards-Helaire
2020,2,2,1.02,Jonathan Taylor
2020,3,3,1.03,JK Dobbins
2020,4,4,1.04,D'Andre Swift
2020,5,5,1.05,Cam Akers
2020,6,1,1.06,CeeDee Lamb
2020,7,2,1.07,Jerry Jeudy
2020,8,3,1.08,Jalen Reagor
2020,9,4,1.09,Justin Jefferson
2020,10,5,1.1,Henry Ruggs
2020,11,6,1.11,Brandon Aiyuk
2020,12,6,1.12,Ke'Shawn Vaughn
2020,13,7,2.01,Tee Higgins
2020,14,8,2.02,Michael Pittman
2020,15,9,2.03,Denzel Mims
2020,16,7,2.04,AJ Dillon
2020,17,8,2.05,Zack Moss
2020,18,10,2.06,Laviska Shenault
2020,19,9,2.07,Antonio Gibson
2020,20,11,2.08,Bryan Edwards
2020,21,1,2.09,Joe Burrow
2020,22,2,2.01,Tua Tagovailoa
2020,23,10,2.11,Anthony McFarland
2020,24,12,2.12,Chase Claypool
2020,25,11,3.01,Darrynton Evans
2020,26,12,3.02,Joshua Kelley
2020,27,13,3.03,Lynn Bowden
2020,28,13,3.04,Van Jefferson
2020,29,14,3.05,KJ Hamler
2020,30,15,3.06,Antonio Gandy-Golden
2020,31,1,3.07,Adam Trautman
2020,32,16,3.08,Devin Duvernay
2020,33,2,3.09,Devin Asiasi
2020,34,14,3.1,Lamical Perine
2020,35,15,3.11,DeeJay Dallas
2020,36,17,3.12,Quintez Cephus
2020,37,16,4.01,Eno Benjamin
2020,38,18,4.02,Tyler Johnson
2020,39,3,4.03,Cole Kmet
2020,40,3,4.04,Justin Herbert
2020,41,4,4.05,Jordan Love
2020,42,19,4.06,Donovan Peoples-Jones
2021,1,1,1.01,Najee Harris
2021,2,1,1.02,Ja'Marr Chase
2021,3,1,1.03,Kyle Pitts
2021,4,2,1.04,Travis Etienne
2021,5,3,1.05,Javonte Williams
2021,6,4,1.06,Trey Sermon
2021,7,5,1.07,Michael Carter
2021,8,2,1.08,DeVonta Smith
2021,9,3,1.09,Elijah Moore
2021,10,4,1.1,Jaylen Waddle
2021,11,5,1.11,Rashod Bateman
2021,12,1,1.12,Trevor Lawrence
2021,13,6,2.01,Terrace Marshall
2021,14,7,2.02,Rondale Moore
2021,15,2,2.03,Trey Lance
2021,16,3,2.04,Justin Fields
2021,17,8,2.05,Dyami Brown
2021,18,9,2.06,Kadarius Toney
2021,19,10,2.07,Amari Rodgers
2021,20,6,2.08,Kenneth Gainwell
2021,21,2,2.09,Pat Freiermuth
2021,22,11,2.1,Amon-Ra St Brown
2021,23,7,2.11,Chuba Hubbard
2021,24,12,2.12,Josh Palmer
2021,25,13,3.01,Nico Collins
2021,26,8,3.02,Rhamondre Stevenson
2021,27,14,3.03,D'Wayne Eskridge
2021,28,4,3.04,Zach Wilson
2021,29,3,3.05,Hunter Long
2021,30,9,3.06,Elijah Mitchell
2021,31,5,3.07,Mac Jones
2021,32,10,3.08,Javian Hawkins
2021,33,15,3.09,Ihmir Smith-Marsette
2021,34,11,3.1,Kylin Hill
2021,35,6,3.11,Kellen Mond
2021,36,12,3.12,Larry Rountree
2022,1,1,1.01,Breece Hall
2022,2,1,1.02,Drake London
2022,3,2,1.03,Kenneth Walker III
2022,4,2,1.04,Treylon Burks
2022,5,3,1.05,Garrett Wilson
2022,6,4,1.06,Chris Olave
2022,7,5,1.07,Jameson Williams
2022,8,6,1.08,Skyy Moore
2022,9,7,1.09,George Pickens
2022,10,3,1.1,James Cook
2022,11,8,1.11,Jahan Dotson
2022,12,9,1.12,Christian Watson
2022,13,4,2.01,Dameon Pierce
2022,14,5,2.02,Rachaad White
2022,15,6,2.03,Isaiah Spiller
2022,16,10,2.04,Jalen Tolbert
2022,17,7,2.05,Tyler Allgeier
2022,18,11,2.06,Wan'Dale Robinson
2022,19,12,2.07,David Bell
2022,20,13,2.08,Alec Pierce
2022,21,8,2.09,Brian Robinson
2022,22,9,2.1,Zamir White
2022,23,14,2.11,Romeo Doubs
2022,24,1,2.12,Trey McBride
2022,25,10,3.01,Tyrion Davis-Price
2022,26,11,3.02,Isaih Pacheco
2022,27,15,3.03,Tyquan Thornton
2022,28,12,3.04,Pierre Strong Jr
2022,29,16,3.05,Khalil Shakir
2022,30,17,3.06,John Metchie
2022,31,1,3.07,Kenny Pickett
2022,32,2,3.08,Malik Willis
2022,33,2,3.09,Isaiah Likely
2022,34,13,3.1,Hassan Haskins
2022,35,3,3.11,Greg Dulcich
2022,36,18,3.12,Danny Gray
2022,37,14,4.01,Keaontay Ingram
2022,38,4,4.02,Daniel Bellinger
2022,39,19,4.03,Velus Jones
2022,40,15,4.04,Kyren Williams
2022,41,16,4.05,Jerome Ford
2022,42,3,4.06,Desmond Ridder
2022,43,20,4.07,Calvin Austin III
2022,44,17,4.08,Jaylen Warren
2022,45,5,4.09,Jelani Woods
2022,46,21,4.01,Kyle Philips
2022,47,4,4.11,Sam Howell
2022,48,22,4.12,Justyn Ross
2022,49,18,5.01,Tyler Badie
2022,50,19,5.02,Snoop Conner
2022,51,6,5.03,Cade Otton
2022,52,20,5.04,Ty Chandler
2022,53,21,5.05,Trestan Ebner
2022,54,5,5.06,Matt Corral
2022,55,7,5.07,Chigoziem Okonkwo
2022,56,22,5.08,Abram Smith
2022,57,6,5.09,Jack Coan
2022,58,23,5.01,Mataeo Durant
2023,1,1,1.01,Bijan Robinson
2023,2,2,1.02,Jahmyr Gibbs
2023,3,1,1.03,Jaxon Smith-Njigba
2023,4,2,1.04,Jordan Addison
2023,5,3,1.05,Quentin Johnston
2023,6,4,1.06,Zay Flowers
2023,7,3,1.07,Zach Charbonnet
2023,8,1,1.08,Dalton Kincaid
2023,9,4,1.09,Devon Achane
2023,10,1,1.1,Anthony Richardson
2023,11,5,1.11,Kendre Miller
2023,12,2,1.12,Sam LaPorta
2023,13,6,2.01,Tank Bigsby
2023,14,7,2.02,Roschon Johnson
2023,15,5,2.03,Jonathan Mingo
2023,16,6,2.04,Rashee Rice
2023,17,2,2.05,Bryce Young
2023,18,8,2.06,Tyjae Spears
2023,19,3,2.07,Michael Mayer
2023,20,7,2.08,Marvin Mims
2023,21,8,2.09,Jayden Reed
2023,22,9,2.1,Josh Downs
2023,23,3,2.11,CJ Stroud
2023,24,10,2.12,Jalin Hyatt
2023,25,11,3.01,Cedric Tillman
2023,26,4,3.02,Luke Musgrave
2023,27,12,3.03,Michael Wilson
2023,28,9,3.04,Chase Brown
2023,29,10,3.05,Israel Abanikanda
2023,30,13,3.06,Nathaniel Dell
2023,31,11,3.07,Zach Evans
2023,32,12,3.08,DeWayne McBride
2023,33,14,3.09,Puka Nacua
2023,34,5,3.1,Luke Schoonmaker
2023,35,13,3.11,Evan Hull
2023,36,14,3.12,Sean Tucker
2023,37,15,4.01,Kayshon Boutte
2023,38,6,4.02,Darnell Washington
2023,39,15,4.03,Deuce Vaughn
2023,40,4,4.04,Will Levis
2023,41,16,4.05,Chris Rodriguez
2023,42,17,4.06,Eric Gray
2023,43,18,4.07,Kenny McIntosh
2023,44,5,4.08,Hendon Hooker
2023,45,16,4.09,Demario Douglas
2023,46,17,4.1,Charlie Jones
2023,47,18,4.11,Xavier Hutchinson
2023,48,19,4.12,Tyler Scott
2023,49,7,5.01,Tucker Kraft
2023,50,20,5.02,AT Perry
2023,51,19,5.03,Mohamed Ibrahim
2023,52,20,5.04,Lew Nichols
