Year,Rank,"Pos
Rank",Draft_Rank,Player,Round,Pick,Tm,Draft Year,Pos,Age,To,All_Pro,Pro_Bowl,Starter_years,Games_Played,Passing_Comp,Pass_att,Pass_yards,Pass_TD,Pass_Int,Rush_att,Rush_yards,Rush_TD,Rec_rec,Rec_yards,Rec_TD,College/Univ,Total Fantasy Points,Fantasy Points Per Game,Draft_Round
2019,11,1,1.11,Kyler Murray,1.0,1.0,ARI,2019.0,QB,22.0,2023.0,0.0,2.0,4.0,65.0,1492.0,2239.0,15647.0,94.0,46.0,425.0,2448.0,26.0,0.0,7.0,0.0,Oklahoma,2438.2,37.51076923076923,1
2016,1,1,1.01,Ezekiel Elliott,1.0,4.0,DAL,2016.0,RB,21.0,2023.0,1.0,3.0,7.0,120.0,1.0,1.0,4.0,0.0,0.0,2065.0,8904.0,71.0,356.0,2649.0,14.0,Ohio St.,1843.7000000000005,15.36416666666667,1
2017,3,2,1.03,Christian McCaffrey,1.0,8.0,CAR,2017.0,RB,21.0,2023.0,2.0,3.0,4.0,91.0,2.0,4.0,84.0,2.0,0.0,1297.0,6185.0,52.0,509.0,4320.0,29.0,Stanford,1811.4,19.905494505494502,1
2016,7,2,1.07,Derrick Henry,2.0,45.0,TEN,2016.0,RB,22.0,2023.0,1.0,4.0,4.0,119.0,7.0,9.0,37.0,4.0,0.0,2030.0,9502.0,90.0,155.0,1458.0,3.0,Alabama,1759.2,14.783193277310923,1
2017,6,5,1.06,Alvin Kamara,3.0,67.0,NOR,2017.0,RB,22.0,2023.0,0.0,5.0,4.0,101.0,1.0,1.0,13.0,0.0,0.0,1315.0,5829.0,54.0,505.0,4219.0,23.0,Tennessee,1720.6,17.035643564356434,1
2015,1,1,1.01,Amari Cooper,1.0,4.0,OAK,2015.0,WR,21.0,2023.0,0.0,5.0,8.0,140.0,0.0,1.0,0.0,0.0,1.0,14.0,41.0,0.0,667.0,9486.0,60.0,Alabama,1644.2,11.744285714285716,1
2021,12,1,1.12,Trevor Lawrence,1.0,1.0,JAX,2021.0,QB,21.0,2023.0,0.0,1.0,2.0,50.0,1116.0,1750.0,11770.0,58.0,39.0,205.0,964.0,11.0,0.0,0.0,0.0,Clemson,1609.4,32.188,1
2015,3,2,1.03,Melvin Gordon,1.0,15.0,SDG,2015.0,RB,22.0,2023.0,0.0,2.0,7.0,112.0,0.0,0.0,0.0,0.0,0.0,1593.0,6543.0,56.0,312.0,2513.0,14.0,Wisconsin,1481.6,13.22857142857143,1
2015,2,1,1.02,Todd Gurley,1.0,10.0,STL,2015.0,RB,21.0,2020.0,2.0,3.0,6.0,88.0,0.0,0.0,0.0,0.0,0.0,1460.0,6082.0,67.0,243.0,2254.0,12.0,Georgia,1429.1,16.23977272727273,1
2017,4,3,1.04,Joe Mixon,2.0,48.0,CIN,2017.0,RB,21.0,2023.0,0.0,1.0,4.0,97.0,0.0,0.0,0.0,0.0,0.0,1571.0,6412.0,49.0,283.0,2139.0,13.0,Oklahoma,1368.6,14.109278350515464,1
2015,18,1,2.06,Jameis Winston,1.0,1.0,TAM,2015.0,QB,21.0,2023.0,0.0,1.0,5.0,93.0,1763.0,2882.0,22104.0,141.0,99.0,298.0,1214.0,11.0,0.0,0.0,0.0,Florida St.,3045.8,32.7505376344086,2
2018,21,2,2.09,Lamar Jackson,1.0,32.0,BAL,2018.0,QB,21.0,2023.0,2.0,3.0,4.0,86.0,1362.0,2112.0,15887.0,125.0,45.0,875.0,5258.0,29.0,0.0,0.0,0.0,Louisville,2948.5,34.28488372093023,2
2018,18,1,2.06,Baker Mayfield,1.0,1.0,CLE,2018.0,QB,23.0,2023.0,0.0,1.0,4.0,89.0,1750.0,2825.0,20332.0,130.0,74.0,251.0,823.0,7.0,1.0,17.0,0.0,Oklahoma,2791.7,31.36741573033708,2
2015,19,2,2.07,Marcus Mariota,1.0,2.0,TEN,2015.0,QB,21.0,2023.0,0.0,0.0,5.0,90.0,1327.0,2118.0,15820.0,93.0,55.0,357.0,2064.0,17.0,2.0,62.0,1.0,Oregon,2351.6,26.128888888888888,2
2020,21,1,2.09,Joe Burrow,1.0,1.0,CIN,2020.0,QB,23.0,2023.0,0.0,1.0,3.0,52.0,1288.0,1895.0,14083.0,97.0,37.0,183.0,605.0,10.0,0.0,0.0,0.0,LSU,2036.8,39.16923076923077,2
2020,22,2,2.01,Tua Tagovailoa,1.0,5.0,MIA,2020.0,QB,22.0,2023.0,0.0,1.0,3.0,53.0,1096.0,1638.0,12639.0,81.0,37.0,136.0,381.0,6.0,0.0,0.0,0.0,Alabama,1750.0,33.0188679245283,2
2015,23,10,2.11,Tyler Lockett,3.0,69.0,SEA,2015.0,WR,22.0,2023.0,1.0,1.0,8.0,144.0,0.0,0.0,0.0,0.0,0.0,40.0,265.0,1.0,612.0,7994.0,59.0,Kansas St.,1491.9,10.360416666666667,2
2017,23,9,2.11,Cooper Kupp,3.0,69.0,LAR,2017.0,WR,24.0,2023.0,1.0,1.0,5.0,92.0,0.0,4.0,0.0,0.0,0.0,24.0,129.0,1.0,567.0,7066.0,51.0,Eastern Washington,1315.0,14.293478260869565,2
2015,16,8,2.04,David Johnson,3.0,86.0,ARI,2015.0,RB,23.0,2022.0,1.0,1.0,3.0,92.0,0.0,0.0,0.0,0.0,0.0,1007.0,4071.0,39.0,277.0,2805.0,18.0,Northern Iowa,1168.1,12.696739130434782,2
2017,22,8,2.1,Chris Godwin,3.0,84.0,TAM,2017.0,WR,21.0,2023.0,0.0,1.0,4.0,104.0,0.0,1.0,0.0,0.0,0.0,12.0,72.0,2.0,529.0,6690.0,34.0,Penn St.,1156.7,11.122115384615386,2
2017,33,2,3.09,Patrick Mahomes,1.0,10.0,KAN,2017.0,QB,21.0,2023.0,2.0,6.0,5.0,96.0,2386.0,3590.0,28424.0,219.0,63.0,374.0,1936.0,12.0,1.0,6.0,0.0,Texas Tech,4297.1,44.76145833333334,3
2016,31,2,3.07,Jared Goff,1.0,1.0,LAR,2016.0,QB,21.0,2023.0,0.0,3.0,6.0,117.0,2657.0,4107.0,30429.0,185.0,82.0,241.0,495.0,12.0,1.0,5.0,0.0,California,4111.4,35.14017094017094,3
2016,29,1,3.05,Carson Wentz,1.0,2.0,PHI,2016.0,QB,23.0,2023.0,0.0,1.0,6.0,95.0,2073.0,3308.0,22292.0,153.0,67.0,354.0,1418.0,11.0,2.0,11.0,0.0,North Dakota St.,3223.1000000000004,33.927368421052634,3
2017,28,1,3.04,Deshaun Watson,1.0,12.0,HOU,2017.0,QB,21.0,2023.0,0.0,3.0,3.0,66.0,1390.0,2089.0,16756.0,118.0,45.0,369.0,1994.0,19.0,1.0,6.0,1.0,Clemson,2614.1000000000004,39.607575757575766,3
2015,32,15,3.08,Stefon Diggs,5.0,146.0,MIN,2015.0,WR,21.0,2023.0,1.0,4.0,8.0,136.0,0.0,1.0,0.0,0.0,0.0,32.0,162.0,0.0,810.0,9995.0,67.0,Maryland,1822.7,13.40220588235294,3
2018,32,4,3.08,Sam Darnold,1.0,3.0,NYJ,2018.0,QB,21.0,2023.0,0.0,0.0,4.0,66.0,1082.0,1811.0,12064.0,63.0,56.0,209.0,760.0,13.0,0.0,0.0,0.0,USC,1626.4,24.642424242424244,3
2021,31,5,3.07,Mac Jones,1.0,15.0,NWE,2021.0,QB,23.0,2023.0,0.0,1.0,2.0,42.0,864.0,1308.0,8918.0,46.0,36.0,117.0,327.0,1.0,0.0,0.0,0.0,Alabama,1134.5000000000002,27.011904761904766,3
2016,25,12,3.01,Kenyan Drake,3.0,73.0,MIA,2016.0,RB,22.0,2023.0,0.0,0.0,2.0,104.0,0.0,0.0,0.0,0.0,0.0,869.0,3866.0,33.0,218.0,1655.0,8.0,Alabama,907.1,8.722115384615385,3
2021,28,4,3.04,Zach Wilson,1.0,2.0,NYJ,2021.0,QB,22.0,2023.0,0.0,0.0,2.0,34.0,566.0,993.0,6293.0,23.0,25.0,93.0,498.0,5.0,1.0,2.0,1.0,BYU,803.8000000000001,23.64117647058824,3
2019,26,13,3.02,Diontae Johnson,3.0,66.0,PIT,2019.0,WR,23.0,2023.0,0.0,1.0,4.0,77.0,0.0,0.0,0.0,0.0,0.0,19.0,134.0,0.0,391.0,4363.0,25.0,Toledo,795.2,10.327272727272728,3
2018,44,5,4.08,Josh Allen,1.0,7.0,BUF,2018.0,QB,22.0,2023.0,0.0,3.0,5.0,94.0,1989.0,3145.0,22703.0,167.0,78.0,657.0,3611.0,53.0,1.0,12.0,1.0,Wyoming,3803.1,40.458510638297874,4
2020,40,3,4.04,Justin Herbert,1.0,6.0,LAC,2020.0,QB,22.0,2023.0,0.0,1.0,3.0,62.0,1613.0,2422.0,17223.0,114.0,42.0,224.0,911.0,11.0,3.0,0.0,0.0,Oregon,2480.9,40.01451612903226,4
2019,39,3,4.03,Daniel Jones,1.0,6.0,NYG,2019.0,QB,22.0,2023.0,0.0,0.0,4.0,60.0,1221.0,1900.0,12512.0,62.0,40.0,332.0,1914.0,13.0,1.0,16.0,0.0,Duke,1814.7,30.245,4
2017,37,4,4.01,Mitchell Trubisky,1.0,2.0,CHI,2017.0,QB,23.0,2023.0,0.0,1.0,4.0,69.0,1200.0,1872.0,12536.0,72.0,48.0,238.0,1173.0,13.0,0.0,0.0,0.0,North Carolina,1784.9,25.868115942028982,4
2017,41,17,4.05,Aaron Jones,5.0,182.0,GNB,2017.0,RB,22.0,2023.0,0.0,1.0,5.0,97.0,0.0,0.0,0.0,0.0,0.0,1177.0,5940.0,45.0,272.0,2076.0,18.0,Texas-El Paso,1315.6,13.562886597938144,4
2017,48,8,4.12,George Kittle,5.0,146.0,SFO,2017.0,TE,23.0,2023.0,2.0,5.0,5.0,98.0,0.0,0.0,0.0,0.0,0.0,12.0,71.0,0.0,460.0,6274.0,37.0,Iowa,1086.5,11.08673469387755,4
2018,46,5,4.1,Mark Andrews,3.0,86.0,BAL,2018.0,TE,23.0,2023.0,1.0,3.0,1.0,87.0,0.0,0.0,0.0,0.0,0.0,5.0,8.0,0.0,381.0,4857.0,40.0,Oklahoma,917.0,10.540229885057473,4
2015,47,23,4.11,Jamison Crowder,4.0,105.0,WAS,2015.0,WR,22.0,2023.0,0.0,0.0,4.0,117.0,1.0,2.0,43.0,1.0,0.0,17.0,82.0,0.0,431.0,4826.0,29.0,Duke,890.6,7.611965811965812,4
2015,44,21,4.08,Darren Waller,6.0,204.0,BAL,2015.0,WR,22.0,2023.0,0.0,1.0,3.0,86.0,0.0,0.0,0.0,0.0,0.0,3.0,26.0,0.0,350.0,4124.0,20.0,Georgia Tech,710.0,8.255813953488373,4
2020,41,4,4.05,Jordan Love,1.0,26.0,GNB,2020.0,QB,21.0,2023.0,0.0,0.0,0.0,27.0,422.0,662.0,4765.0,35.0,14.0,63.0,273.0,4.0,0.0,0.0,0.0,Utah St.,709.8,26.288888888888888,4
2019,50,21,5.02,Darius Slayton,5.0,171.0,NYG,2019.0,WR,22.0,2023.0,0.0,0.0,3.0,76.0,0.0,0.0,0.0,0.0,0.0,3.0,-14.0,0.0,220.0,3324.0,19.0,Auburn,555.0,7.302631578947368,5
2017,50,20,5.02,Tarik Cohen,4.0,119.0,CHI,2017.0,RB,22.0,2020.0,1.0,1.0,2.0,51.0,2.0,3.0,22.0,2.0,0.0,264.0,1101.0,5.0,209.0,1575.0,9.0,North Carolina A&T,470.3,9.22156862745098,5
2017,49,18,5.01,Dede Westbrook,4.0,110.0,JAX,2017.0,WR,23.0,2021.0,0.0,0.0,1.0,55.0,0.0,1.0,0.0,0.0,0.0,14.0,125.0,0.0,170.0,1788.0,9.0,Oklahoma,330.3,6.005454545454546,5
2018,50,21,5.02,Braxton Berrios,6.0,210.0,NWE,2018.0,WR,22.0,2023.0,1.0,0.0,0.0,81.0,1.0,1.0,2.0,1.0,0.0,20.0,171.0,4.0,134.0,1323.0,6.0,Miami (FL),282.6,3.4888888888888894,5
2019,51,22,5.03,Ty Johnson,6.0,186.0,DET,2019.0,RB,21.0,2023.0,0.0,0.0,0.0,72.0,0.0,0.0,0.0,0.0,0.0,238.0,1057.0,4.0,93.0,730.0,4.0,Maryland,273.2,3.794444444444444,5
2018,51,6,5.03,Ian Thomas,4.0,101.0,CAR,2018.0,TE,22.0,2023.0,0.0,0.0,2.0,94.0,0.0,0.0,0.0,0.0,0.0,0.0,0.0,0.0,116.0,1055.0,4.0,Indiana,187.5,1.9946808510638296,5
2022,55,7,5.07,Chigoziem Okonkwo,4.0,143.0,TEN,2022.0,TE,22.0,2023.0,0.0,0.0,0.0,34.0,0.0,0.0,0.0,0.0,0.0,5.0,8.0,0.0,86.0,978.0,4.0,Maryland,165.60000000000002,4.870588235294118,5
2022,51,6,5.03,Cade Otton,4.0,106.0,TAM,2022.0,TE,23.0,2023.0,0.0,0.0,1.0,33.0,0.0,0.0,0.0,0.0,0.0,0.0,0.0,0.0,89.0,846.0,6.0,Washington,165.10000000000002,5.003030303030304,5
2022,52,20,5.04,Ty Chandler,5.0,169.0,MIN,2022.0,RB,24.0,2023.0,0.0,0.0,0.0,20.0,0.0,0.0,0.0,0.0,0.0,108.0,481.0,3.0,21.0,159.0,0.0,North Carolina,92.5,4.625,5
2019,52,6,5.04,Josh Oliver,3.0,69.0,JAX,2019.0,TE,22.0,2023.0,0.0,0.0,1.0,52.0,0.0,0.0,0.0,0.0,0.0,0.0,0.0,0.0,48.0,443.0,4.0,San Jose St.,92.3,1.775,5
